id;name;surname;email;phone
1;HTTP Tasty Metal Mouse Avon;strategize Personal Loan Account magnetic;"fm@$=0'..p9;O";267.186.39
2;open system Division;magenta;"c@w.[5.8RS}Xr";1-295-314-
3;forecast Cotton;Outdoors pixel Designer;"W@:,NeW6.iX&JH";(239) 005-
4;Surinam Dollar virtual Somali Shilling;lime;"f,Jr}M@3qPH(.PC+7";1-784-838-
5;cyan Auto Loan Account Savings Account;withdrawal;"G<;\f@>.T63";(551) 279-
6;local area network incentivize;Gloves;"g^EM9+@wF.zh";1-236-999-
7;protocol;bypassing Movies Quality-focused;"Bmd`ji@y{4'X.I$;bx";1-367-577-
8;haptic;Orchestrator;"_@zs:}S1.q80";(822) 106-
9;Awesome Metal Chicken Creative transitional;hack;"Itw@=DaQl.N";(072) 804-
10;Dominican Republic flexibility;Tasty Soft Shoes quantifying;"WX@=W.4e(ku#";1-090-043-
